{
    "test": {
        "airline_sentiment": {
            "accuracy": [
                0.7560642295866075,
                0.7758797403484796,
                0.7441065937820294,
                0.7693884523402802,
                0.7550392893747865
            ],
            "hits_at_k": [
                1.0,
                0.9993167065254527,
                0.998975059788179,
                0.9986334130509054,
                0.997950119576358
            ],
            "loss": [
                0.5946432569143427,
                0.5517368407879912,
                0.6215165857980387,
                0.6391346517340657,
                0.7193482701673335
            ]
        },
        "combined": {
            "accuracy": [
                0.7560642295866075,
                0.7758797403484796,
                0.7441065937820294,
                0.7693884523402802,
                0.7550392893747865
            ],
            "loss": [
                0.5946432569143427,
                0.5517368407879912,
                0.6215165857980387,
                0.6391346517340657,
                0.7193482701673335
            ]
        }
    },
    "train": {
        "airline_sentiment": {
            "accuracy": [
                0.7978713110788582,
                0.8560232220609579,
                0.8620222544750846,
                0.9193033381712628,
                0.9330430575713594
            ],
            "hits_at_k": [
                0.9998064828253508,
                0.9999032414126754,
                1.0,
                1.0,
                1.0
            ],
            "loss": [
                0.5266097140300661,
                0.3975407276052061,
                0.369048386469058,
                0.23249275860834884,
                0.1881759211702167
            ]
        },
        "combined": {
            "accuracy": [
                0.7978713110788582,
                0.8560232220609579,
                0.8620222544750846,
                0.9193033381712628,
                0.9330430575713594
            ],
            "loss": [
                0.5266097140300661,
                0.3975407276052061,
                0.369048386469058,
                0.23249275860834884,
                0.1881759211702167
            ]
        }
    },
    "validation": {
        "airline_sentiment": {
            "accuracy": [
                0.7735849056603774,
                0.7801161103047896,
                0.7561683599419449,
                0.7924528301886793,
                0.772133526850508
            ],
            "hits_at_k": [
                1.0,
                1.0,
                0.9992743105950653,
                0.9992743105950653,
                0.9985486211901307
            ],
            "loss": [
                0.5743378527105634,
                0.5333444376642368,
                0.606250391989211,
                0.6148796330688654,
                0.7084332924276721
            ]
        },
        "combined": {
            "accuracy": [
                0.7735849056603774,
                0.7801161103047896,
                0.7561683599419449,
                0.7924528301886793,
                0.772133526850508
            ],
            "loss": [
                0.5743378527105634,
                0.5333444376642368,
                0.606250391989211,
                0.6148796330688654,
                0.7084332924276721
            ]
        }
    }
}