{
    "airline_sentiment": {
        "accuracy": 0.789545609839426,
        "confusion_matrix": [
            [
                0,
                0,
                0,
                0
            ],
            [
                0,
                1753,
                290,
                143
            ],
            [
                0,
                54,
                246,
                23
            ],
            [
                0,
                37,
                69,
                312
            ]
        ],
        "hits_at_k": 1.0,
        "loss": 0.5504950916640865,
        "overall_stats": {
            "avg_f1_score_macro": 0.6988587237752978,
            "avg_f1_score_micro": 0.789545609839426,
            "avg_f1_score_weighted": 0.7713978171041556,
            "avg_precision_macro": 0.7699809026163904,
            "avg_precision_micro": 0.789545609839426,
            "avg_precision_weighted": 0.789545609839426,
            "avg_recall_macro": 0.6699939982463298,
            "avg_recall_micro": 0.789545609839426,
            "avg_recall_weighted": 0.789545609839426,
            "kappa_score": 0.5646034436044689,
            "token_accuracy": 0.789545609839426
        },
        "per_class_stats": {
            "<UNK>": {
                "accuracy": 1.0,
                "f1_score": 0,
                "fall_out": 0.0,
                "false_discovery_rate": 1.0,
                "false_negative_rate": 1.0,
                "false_negatives": 0,
                "false_omission_rate": 0.0,
                "false_positive_rate": 0.0,
                "false_positives": 0,
                "hit_rate": 0,
                "informedness": 0.0,
                "markedness": 0.0,
                "matthews_correlation_coefficient": 0,
                "miss_rate": 1.0,
                "negative_predictive_value": 1.0,
                "positive_predictive_value": 0,
                "precision": 0,
                "recall": 0,
                "sensitivity": 0,
                "specificity": 1.0,
                "true_negative_rate": 1.0,
                "true_negatives": 2927,
                "true_positive_rate": 0,
                "true_positives": 0
            },
            "negative": {
                "accuracy": 0.8209771096686027,
                "f1_score": 0.8699751861042183,
                "fall_out": 0.1228070175438597,
                "false_discovery_rate": 0.049349240780911074,
                "false_negative_rate": 0.19807868252516014,
                "false_negatives": 433,
                "false_omission_rate": 0.3998153277931671,
                "false_positive_rate": 0.1228070175438597,
                "false_positives": 91,
                "hit_rate": 0.8019213174748399,
                "informedness": 0.6791142999309803,
                "markedness": 0.5508354314259218,
                "matthews_correlation_coefficient": 0.6116209760873104,
                "miss_rate": 0.19807868252516014,
                "negative_predictive_value": 0.6001846722068329,
                "positive_predictive_value": 0.9506507592190889,
                "precision": 0.9506507592190889,
                "recall": 0.8019213174748399,
                "sensitivity": 0.8019213174748399,
                "specificity": 0.8771929824561403,
                "true_negative_rate": 0.8771929824561403,
                "true_negatives": 650,
                "true_positive_rate": 0.8019213174748399,
                "true_positives": 1753
            },
            "neutral": {
                "accuracy": 0.8510420225486847,
                "f1_score": 0.5301724137931034,
                "fall_out": 0.13786482334869432,
                "false_discovery_rate": 0.5933884297520662,
                "false_negative_rate": 0.23839009287925694,
                "false_negatives": 77,
                "false_omission_rate": 0.03316106804478902,
                "false_positive_rate": 0.13786482334869432,
                "false_positives": 359,
                "hit_rate": 0.7616099071207431,
                "informedness": 0.6237450837720488,
                "markedness": 0.3734505022031449,
                "matthews_correlation_coefficient": 0.48263642090233333,
                "miss_rate": 0.23839009287925694,
                "negative_predictive_value": 0.966838931955211,
                "positive_predictive_value": 0.4066115702479339,
                "precision": 0.4066115702479339,
                "recall": 0.7616099071207431,
                "sensitivity": 0.7616099071207431,
                "specificity": 0.8621351766513057,
                "true_negative_rate": 0.8621351766513057,
                "true_negatives": 2245,
                "true_positive_rate": 0.7616099071207431,
                "true_positives": 246
            },
            "positive": {
                "accuracy": 0.9070720874615648,
                "f1_score": 0.6964285714285715,
                "fall_out": 0.06616181745715422,
                "false_discovery_rate": 0.34728033472803344,
                "false_negative_rate": 0.2535885167464115,
                "false_negatives": 106,
                "false_omission_rate": 0.043282972641894624,
                "false_positive_rate": 0.06616181745715422,
                "false_positives": 166,
                "hit_rate": 0.7464114832535885,
                "informedness": 0.6802496657964343,
                "markedness": 0.609436692630072,
                "matthews_correlation_coefficient": 0.6438704112518998,
                "miss_rate": 0.2535885167464115,
                "negative_predictive_value": 0.9567170273581054,
                "positive_predictive_value": 0.6527196652719666,
                "precision": 0.6527196652719666,
                "recall": 0.7464114832535885,
                "sensitivity": 0.7464114832535885,
                "specificity": 0.9338381825428458,
                "true_negative_rate": 0.9338381825428458,
                "true_negatives": 2343,
                "true_positive_rate": 0.7464114832535885,
                "true_positives": 312
            }
        }
    },
    "combined": {
        "accuracy": 0.789545609839426,
        "loss": 0.5504950916640865
    }
}