{
    "test": {
        "airline_sentiment": {
            "accuracy": [
                0.7717799795011958,
                0.789545609839426,
                0.7857874957294158,
                0.7943286641612572,
                0.775538093611206
            ],
            "hits_at_k": [
                1.0,
                1.0,
                1.0,
                1.0,
                1.0
            ],
            "loss": [
                0.5742411312081116,
                0.5504950916640865,
                0.557845067114483,
                0.6398658231129857,
                0.8935531118358407
            ]
        },
        "combined": {
            "accuracy": [
                0.7717799795011958,
                0.789545609839426,
                0.7857874957294158,
                0.7943286641612572,
                0.775538093611206
            ],
            "loss": [
                0.5742411312081116,
                0.5504950916640865,
                0.557845067114483,
                0.6398658231129857,
                0.8935531118358407
            ]
        }
    },
    "train": {
        "airline_sentiment": {
            "accuracy": [
                0.8565070149975811,
                0.9306240928882439,
                0.9701015965166908,
                0.9723270440251572,
                0.9824866956942429
            ],
            "hits_at_k": [
                1.0,
                1.0,
                1.0,
                1.0,
                1.0
            ],
            "loss": [
                0.42813841806383135,
                0.2077087134742829,
                0.11586223744400238,
                0.09544161550653806,
                0.05778666459597074
            ]
        },
        "combined": {
            "accuracy": [
                0.8565070149975811,
                0.9306240928882439,
                0.9701015965166908,
                0.9723270440251572,
                0.9824866956942429
            ],
            "loss": [
                0.42813841806383135,
                0.2077087134742829,
                0.11586223744400238,
                0.09544161550653806,
                0.05778666459597074
            ]
        }
    },
    "validation": {
        "airline_sentiment": {
            "accuracy": [
                0.7808417997097242,
                0.7902757619738752,
                0.8011611030478955,
                0.7866473149492017,
                0.7743105950653121
            ],
            "hits_at_k": [
                1.0,
                1.0,
                1.0,
                1.0,
                1.0
            ],
            "loss": [
                0.5570890927695398,
                0.527961116397675,
                0.5285925802886918,
                0.6366609675790817,
                0.8661461513170483
            ]
        },
        "combined": {
            "accuracy": [
                0.7808417997097242,
                0.7902757619738752,
                0.8011611030478955,
                0.7866473149492017,
                0.7743105950653121
            ],
            "loss": [
                0.5570890927695398,
                0.527961116397675,
                0.5285925802886918,
                0.6366609675790817,
                0.8661461513170483
            ]
        }
    }
}